ID,Group,Feature_1,Feature_2,Feature_3
ID000,C,2675.3320450402807,416.88977839546607,-2264.1211581881703
ID001,B,2377.1143235060326,390.661376656709,4765.020167457564
ID002,A,2685.439492925439,413.23424600062447,6004.91003228757
ID003,C,2250.4469592779897,411.28135068896796,-1844.2215564582339
ID004,B,2181.203143218917,404.6965480822455,4355.788377661325
ID005,B,2793.5441042740827,396.1273314547376,5580.506798636889
ID006,A,2597.7416813579757,391.84592007406565,5847.442558237517
ID007,A,2139.067503023735,409.08349906316863,4357.8318974127515
ID008,C,2015.5418065028134,394.3773780688364,-1615.8799998342542
ID009,C,2424.0820967022437,404.9751489755219,-2022.9164325858135
ID010,C,2445.096798531748,399.4498675280511,-2055.368049474556
ID011,C,2234.2192366841177,397.53424389544074,-1819.0394060019028
ID012,C,2521.612421887608,388.12205798174347,-2143.117340743913
ID013,C,2497.925729088732,399.78947441930245,-2099.966140259633
ID014,A,2488.175302529012,403.19786245548636,5463.005837216318
ID015,A,2070.1587903406485,415.359557958369,4138.891778923867
ID016,C,2601.5645876909125,421.83190090942384,-2169.793225520843
ID017,A,2453.867618962928,400.1886205918029,5347.406867637893
ID018,C,2209.953394050376,389.1919510473242,-1804.5011425663288
ID019,A,2401.2689472512498,421.7264051619233,5094.44060479008
ID020,C,2166.8043373302376,395.16183810991583,-1786.3044480164774
ID021,C,2117.2082036700367,396.8499582011253,-1710.6990839560322
ID022,B,2680.6044702690897,440.943276965027,5363.451291516721
ID023,C,2511.73908136955,413.4056906591571,-2108.142975685468
ID024,A,2511.9493870338356,422.03728887214277,5436.522179583256
ID025,C,2297.40195237502,413.10554275425886,-1892.2041179597975
ID026,C,2186.8094901830905,398.24340761225966,-1797.4700247416883
ID027,B,2583.867310819977,392.7567472099274,5179.529520686018
ID028,B,2438.2614964865993,423.5888054326906,4876.117078881121
ID029,B,2297.5676483424654,399.0665681988364,4602.094631527778
ID030,A,2242.5212971221235,381.95027477773635,4823.383580201558
ID031,C,2539.214096939176,367.91953202586444,-2188.375072062495
ID032,C,2376.436088641169,392.9161724038943,-1980.142771873086
ID033,B,2398.8879415554156,388.0567360389565,4780.3007098232
ID034,C,2903.565444980887,414.08669705751396,-2512.6405101280866
ID035,A,3013.551910992205,387.6053834302197,7101.555679045849
ID036,B,2028.772523786317,375.3510912407885,4071.888865930316
ID037,A,2203.935383229892,396.44742068384204,4653.778397551775
ID038,B,3608.268699350988,368.386351996066,7209.795867207901
ID039,C,2181.824504870535,436.34081459309965,-1723.447633449711
ID040,C,2458.5322103813614,398.13626909864263,-2062.210172067669
ID041,A,2109.3149260902055,391.2959574925764,4383.760628039658
ID042,C,2147.2864651102536,397.97720919077364,-1760.052630045755
ID043,C,2624.2325001733493,402.76556654021556,-2222.5665426626497
ID044,B,2527.2077332910962,397.0382435016933,5032.182289891576
ID045,C,2388.8652643470355,401.0308403622861,-1970.240159649997
ID046,C,2543.619577944829,411.9906992234442,-2159.173858068429
ID047,B,2649.414381112497,410.3658566440503,5310.389039276278
ID048,C,2841.591421802241,407.5463364315791,-2430.6749805747295
ID049,A,2037.2078669179132,421.09606786911576,4002.9495110359894
ID050,A,2845.4715578142486,392.8041673320107,6583.127776807491
ID051,C,2373.3356013058497,383.11778107512805,-1984.67509320414
ID052,A,2296.5875181334577,412.55107316119324,4831.032575769075
ID053,B,2888.786399464488,392.98345669590367,5773.564029279466
ID054,B,2466.388926604838,398.0536057929388,4937.890440922856
ID055,A,2045.1610521845346,407.70376511437854,4107.580987051651
ID056,A,2523.479993545919,420.48823935741166,5469.118942013594
ID057,C,2512.6827566445154,403.33003047080217,-2098.418992578001
ID058,A,2695.2163419715503,406.05253124339845,6059.217248336047
ID059,B,2155.267328290401,410.12777437061226,4299.312656804528
ID060,C,2095.076691368937,410.70504885741775,-1684.9709248777417
ID061,A,2333.8712881167003,400.4421882366682,5029.756377511492
ID062,C,2237.923821631061,410.7447647886791,-1817.8590567713015
ID063,B,1849.8651362405267,412.66112464738825,3720.100856454984
ID064,B,2512.294298451019,404.64075338761705,5018.501113172864
ID065,B,2788.636428136224,403.7036315647213,5599.298022865948
ID066,C,2753.4581350822436,399.3939191376095,-2327.2513787754215
ID067,B,2516.978933635936,378.41175178939267,5021.84164390907
ID068,C,2172.796886540239,385.71377945662545,-1785.7063793593347
ID069,C,2320.725406516425,391.46951304000504,-1937.7587394316386
ID070,B,1815.8422572857826,396.367271724424,3631.8564987293935
ID071,C,2680.645603408292,398.84374706776157,-2273.863183947331
ID072,C,2579.465887473541,389.35128480030244,-2181.9552820931517
ID073,C,2609.5887496512596,414.3896745811033,-2198.523000257601
ID074,B,2507.849101924436,382.57241363139883,5004.429970340969
ID075,B,2248.9279845192095,416.35793185082815,4487.586130756027
ID076,C,2677.63220190804,378.0321464597784,-2272.2479019827
ID077,B,2142.190963493836,408.22830386253065,4281.239635146604
ID078,C,2819.0712412780113,404.54534675258276,-2439.5715959495788
ID079,C,2516.6365290838016,421.1025735481221,-2097.6853022006803
ID080,B,2729.89313992193,407.6298199628602,5466.951307878798
ID081,B,2221.590580329626,401.6456604568516,4450.1453383891585
ID082,C,3304.5977128129966,397.5619272503058,-2894.0260807467507
ID083,C,2667.775484984178,405.28908580272787,-2266.3632113761955
ID084,A,2557.2737030439703,408.49715238954707,5636.517738510645
ID085,C,2957.7327855038807,378.22982698309636,-2581.1828298700016
ID086,A,2163.511712856226,401.9806423300456,4478.565886902788
ID087,C,2220.079790253489,398.52146887806754,-1823.1881909534761
ID088,A,2770.7329328538012,380.27998019717927,6392.067472351206
ID089,B,2292.1630510577356,406.981311433064,4567.303469981534
ID090,A,2729.7388534454262,389.2979305600721,6264.555655661583
ID091,C,2112.389887841039,407.2311892365197,-1685.4044299430495
ID092,B,2447.672994023647,406.6676946660256,4900.115121102682
ID093,C,2555.099485059483,403.0565897943668,-2167.33600109634
ID094,B,1910.5123474687011,399.8942702539526,3822.5831314494185
ID095,C,2790.434737501925,419.7142362808172,-2392.6000086590066
ID096,A,2372.80525184503,408.2543238762747,5062.737006520417
ID097,C,2246.0521431085035,393.01465218236734,-1854.5038370478744
ID098,C,2285.1824371535977,388.30284133376193,-1899.2489173050649
ID099,A,2231.5509431521696,389.8589889075487,4745.368649958574
ID100,A,2946.9007371802995,405.96509275388246,6814.462368375288
ID101,C,2815.7284117079557,415.59167717487855,-2386.32485275924
ID102,A,2453.036006317753,397.6830490372709,5369.082792813369
ID103,A,1912.38106007459,412.0417365501333,3676.989385360425
ID104,C,2481.081825506867,394.32462866319224,-2062.444505119926
ID105,A,2620.9003766129686,387.3921096830661,5934.638182024317
ID106,B,2873.305892332545,410.3427215758642,5741.425690378814
ID107,A,2496.550502451689,416.1171157572632,5411.049007336485
ID108,C,2574.7273215873256,385.91698760712757,-2192.217166561554
ID109,C,1901.811865096151,404.0196000476976,-1491.7897454953609
ID110,C,2688.9641061698735,411.75768322260785,-2291.8344728133247
ID111,C,2922.2480072878616,421.8186933578703,-2504.5979125035437
ID112,A,2492.5767353306646,403.3718790541845,5466.891612587088
ID113,C,2903.5186280398984,420.9697951192278,-2468.6126126341237
ID114,A,2765.590973867489,422.8165793153544,6198.518080300821
ID115,B,2237.1327634906597,375.6517366323721,4478.835682797548
ID116,C,2256.0984664145362,394.21611715019446,-1885.003365804538
ID117,A,2227.6796183377305,401.1852180287362,4662.331839855859
ID118,A,2389.1045865700808,391.9797751151025,5220.171653216624
ID119,A,3292.315366085145,394.68966588594327,7905.690912904207
ID120,B,1904.3898754188988,390.15077451194406,3810.6123474491096
ID121,A,2666.544866698614,431.2695744885828,5827.26377892413
ID122,C,2535.957194983128,380.6992965359367,-2131.3157287129584
ID123,B,2726.5318701644023,367.4407902511063,5440.177923825078
ID124,B,2677.835760525527,406.311425441551,5350.998685227691
ID125,C,2646.231574669461,412.0717650976137,-2228.5699461263557
ID126,A,2123.7857591121265,378.4689368909507,4483.186411024161
ID127,B,2543.6125609628543,403.52928337405956,5083.278271169369
ID128,A,2101.350047196282,402.03765572323266,4294.466370579153
ID129,A,2304.8840823302753,401.5630925692811,4894.952371709493
ID130,B,2499.376858080772,399.52610144922494,5000.7062037796795
ID131,C,2138.7787078286133,387.2227228806048,-1749.2682635565895
ID132,A,2618.187493278251,409.06768330677016,5811.328685259075
ID133,A,2310.8522349980776,386.28363491427876,4961.909874096576
ID134,C,2525.128791857345,392.20244484988825,-2133.2612763775915
ID135,A,2660.429965509552,417.6162778116262,5901.157128994597
ID136,C,2165.5113821194564,395.71728737530407,-1774.292556004454
ID137,A,2167.1201332207847,385.01765519559314,4562.017548930331
ID138,B,2463.259517299784,408.60323748460564,4917.990082917347
ID139,B,2684.2032697249724,417.8535536515364,5377.949639286501
ID140,C,2636.617480850659,395.11232073083346,-2229.6826731206806
ID141,B,2525.3176013840675,393.0891415589064,5053.992831216688
ID142,C,2765.240738353671,368.43010949255296,-2409.219846086639
ID143,B,3076.4124756490755,384.61848715894865,6165.483195706078
ID144,A,3147.057400565481,402.761938377978,7425.817992772589
ID145,B,2231.820590364929,390.4359268617457,4470.2040043167835
ID146,C,2348.447964999154,400.3835152742754,-1938.6941447678855
ID147,B,2590.6636578106336,411.3925432317739,5168.620750972721
ID148,C,2064.173641367836,424.4811496566493,-1659.249388074128
ID149,C,2636.204495768881,435.35799577361433,-2189.498172358932
ID150,C,2316.9218018958227,407.537198969284,-1916.834663017372
ID151,A,2292.374956937461,450.9019195734246,4630.382687171312
ID152,A,2650.0750217648306,438.0224250127187,5759.5541733416985
ID153,C,2823.1377935315113,395.82095411138675,-2434.512306347166
ID154,A,2402.0963547031715,383.80505347115877,5273.393432152863
ID155,A,2410.697023346961,412.2036487827335,5169.4363694665835
ID156,C,2201.0514220809428,391.4814306187707,-1825.582500464044
ID157,A,2718.916662186111,390.3652118106937,6210.442482867288
ID158,A,3167.2647479252446,398.50080884643336,7485.0099796734075
ID159,C,2598.28979277937,397.80588183905206,-2197.6800875653503
ID160,C,2441.292320482489,392.1930379715464,-2049.2402412459414
ID161,C,2911.402760122154,413.401652126271,-2511.327672911363
ID162,C,2235.074785108429,417.93818558780214,-1832.0016167310314
ID163,A,2763.778138621214,381.7494180319011,6379.873216637857
ID164,A,2594.8336014784745,400.49622091312955,5788.107985657422
ID165,B,2234.650003235167,391.64541822870814,4472.236539607353
ID166,C,2498.7351665477217,377.63563868780966,-2105.778625763794
ID167,A,2479.8584288592338,394.17237453720236,5472.9886526756045
ID168,B,2338.2557966815525,415.75915866836897,4693.711158536993
ID169,B,2266.6197183393724,395.7828859146436,4526.316529260799
ID170,C,2616.855290422032,395.65780160406905,-2227.5676996961447
ID171,B,2312.1444768447104,397.83355478932646,4622.042160531529
ID172,A,2839.1756025879818,387.0247940161583,6590.650239117677
ID173,C,2752.131988006997,406.8098721639843,-2334.4927153300664
ID174,C,2320.0780050955436,398.58333137007935,-1931.4981845404964
ID175,B,2212.8749928389384,382.92204693583915,4425.192602290713
ID176,C,2671.81186497167,418.89937904958805,-2250.250258081906
ID177,C,2462.2887824427266,398.19814069065234,-2058.344621949952
ID178,B,2374.538809383097,388.4020434845788,4742.971193580631
ID179,A,2472.127038477873,419.0256683905364,5330.127248148413
ID180,C,2757.4780057688167,398.0353177944188,-2353.9840717555057
ID181,B,2494.9776275318477,379.55777931936046,4989.933836079619
ID182,C,2186.987750039852,399.69607639711774,-1800.0300171674928
ID183,B,2365.2503521911844,393.234264528223,4721.712878669967
ID184,A,2406.202820941031,368.34819367221064,5408.466321537193
ID185,B,2643.8535280629803,407.56307346910165,5281.558698713119
ID186,C,2561.7021198327675,405.27890738820525,-2154.4883533615557
ID187,C,2857.0053191992506,376.6294342163629,-2488.2657665496304
ID188,C,2324.569138766265,402.6622651988662,-1924.0300870617627
ID189,A,2443.181470062861,409.47844283579485,5258.419807526491
ID190,A,2644.0362618927434,420.79670884463945,5837.429621403537
ID191,A,2716.9437539589903,409.6871524509479,6087.074991356924
ID192,A,2686.9572017562136,421.99503803656364,5960.836462983164
ID193,A,2425.6768479540574,416.3630642886172,5208.938981032086
ID194,B,2046.0169445661531,409.10179330171826,4075.22190495239
ID195,C,2800.5969787062577,400.63609392975934,-2377.2873407303523
ID196,C,2670.051358645133,402.8033462346884,-2262.8260919531904
ID197,C,2350.0118372914344,384.43057923908145,-1971.0326365887
ID198,C,2642.8648465115325,425.93335745199784,-2224.476993567547
ID199,A,2243.07793449721,394.51618096207847,4771.397254951653
ID200,C,2526.906850904448,372.4003674893754,-2168.715156003495
ID201,A,2949.3817899515125,408.10535632424126,6800.595760456148
ID202,A,2426.243666958795,376.0026105747107,5369.700599474634
ID203,A,2788.160010174777,422.5492731843455,6243.274530440845
ID204,B,2482.983090697276,402.1269754307369,4963.205593580993
ID205,B,2497.7047609431374,413.24996462295485,5005.477275870563
ID206,A,2370.3611220664343,376.48201661452197,5235.840454384043
ID207,A,2077.641156543776,375.47218427280865,4346.258638317261
ID208,A,2512.624382676558,411.4974217574768,5465.111612344817
ID209,A,1983.9795517102025,366.9437468029032,4103.400923748288
ID210,A,2744.1995486849924,377.2696370479664,6348.715661902711
ID211,B,2726.4934702581113,405.1940475949074,5455.206495921214
ID212,B,2474.1496750828237,381.5868563773403,4970.043419850271
ID213,C,2931.2172355851503,388.4423241224123,-2559.234346078129
ID214,A,2724.375858845209,390.81139090277253,6191.398838279589
ID215,A,2469.972361156551,389.9757897391338,5478.016638500002
ID216,A,2191.8767365873723,385.67191081071104,4650.713921267743
ID217,C,2101.3310884055045,416.41427364928325,-1683.8460767126182
ID218,A,2792.0607051692095,397.1135730374362,6405.260422854672
ID219,C,2373.743844365153,435.6006344293767,-1933.2531586476637
ID220,C,2298.193870552928,404.334691185973,-1905.710693094507
ID221,A,2569.712419149182,413.70591902112864,5658.908519688658
ID222,B,2958.1932198900495,392.96371462670146,5897.119087633732
ID223,C,2501.1257041003432,392.66638550693494,-2115.9677557934183
ID224,B,2477.125257063371,371.844089192833,4964.475550096177
ID225,C,2848.856201565559,400.1742363146612,-2448.596894041056
ID226,B,2267.840797722738,444.80061039957565,4551.618356206775
ID227,B,2663.758890990017,375.52703564465173,5299.709467991311
ID228,C,2453.3530995644746,396.90941277556675,-2063.94368701016
ID229,A,2288.893796830705,409.75042235730166,4816.904649810245
ID230,B,2225.2226138487163,405.113467230925,4437.520819825185
ID231,C,2532.261414096272,406.15104281522787,-2113.1583775970234
ID232,C,3015.5624692955234,422.6689855013344,-2591.7922314794764
ID233,B,2718.029976772285,402.07931719024793,5445.874642486634
ID234,C,2866.6502536373596,386.6363768836293,-2478.900235248403
ID235,A,2334.0084351674163,382.8388739169121,5076.337299901512
ID236,C,3005.5930316007216,410.62822635696676,-2580.3428713148055
ID237,A,2473.7146955301114,415.82821978169477,5359.906171561192
ID238,A,2846.9831032081806,431.8987530373542,6366.39023503963
ID239,B,2806.6595367219093,421.89363108455694,5612.00504659431
ID240,A,2655.5345940968264,403.8777762353738,5951.367739057555
ID241,C,2156.2779484425496,397.52835604361877,-1752.0658921098454
ID242,B,2463.368392373762,387.75634992829106,4921.078366463925
ID243,A,2083.4585624514852,386.1881701879781,4333.894981996255
ID244,B,2919.2649364236804,425.9013605863801,5826.240198425299
ID245,B,2757.9603904454407,394.04117696717844,5532.080374300296
ID246,B,2873.9129765756684,381.3575265162926,5740.125776097206
ID247,A,2638.9495253751475,382.83204648068084,5984.46578026816
ID248,B,2813.9628350160447,397.6481375457908,5632.713574241443
ID249,A,2790.5269637281394,388.8070458492426,6425.395340534127
ID250,A,2583.2113240441863,404.84426799336956,5717.001510003985
ID251,B,2177.577369077575,386.69677359631123,4359.712592450327
ID252,C,3072.3497546990257,363.92613597064985,-2694.773280370007
ID253,A,2593.421695657251,400.1306333223018,5806.239229915833
ID254,C,2352.700048597094,414.3752081692356,-1940.2105668545987
ID255,A,2088.702629101236,395.3434062843104,4274.86424914527
ID256,A,2046.0771868002096,433.60064760331005,3976.8452944842647
ID257,C,2898.8019168269107,391.38902077436427,-2517.280155260588
ID258,B,2717.0484586709063,383.83535086304295,5436.6534190678185
ID259,B,2274.036530554955,412.05220875075224,4534.934979028683
ID260,A,2015.0457043471467,387.2625264757106,4101.249810046505
ID261,A,2302.1027195462493,394.06213561200076,4941.323399619115
ID262,B,2595.0536080274874,402.0724365839421,5188.3312198082685
ID263,B,2829.3386371571496,385.25823272437754,5663.250969673504
ID264,C,2629.2494854787847,434.3593870644445,-2197.5730104989043
ID265,A,2363.1903646163614,381.2509063502232,5182.934016985588
ID266,A,2765.3433143773673,385.69903614025947,6353.607316619346
ID267,B,2218.343142893101,417.3353039034825,4440.167546540197
ID268,A,2721.4838192948177,402.24629491597835,6141.55123578382
ID269,C,3151.9854322652723,408.3320373656102,-2741.854313603832
ID270,A,2859.626416868774,422.02186180245184,6485.201756077447
ID271,C,2946.169938697215,390.3150366724138,-2564.7911228255766
ID272,A,2312.23343752446,386.29493899258506,5016.054953327016
ID273,B,2778.205922596568,404.82894639778544,5560.2438807852905
ID274,C,2665.7751893912027,416.01828030221054,-2231.6015267700727
ID275,A,2977.6867549509197,402.5801201087444,6939.112431909156
ID276,C,2322.5198064256715,372.177076505678,-1949.6821595726733
ID277,A,2819.60798686187,380.8538628949268,6542.58299954108
ID278,C,2741.3064872577165,381.815879396675,-2362.328104073217
ID279,B,2089.515978179734,383.1628502318356,4187.757666618241
ID280,B,2683.1600183280943,404.66434296553246,5367.935866640442
ID281,A,2126.2387979281175,395.4007051623691,4406.173065551276
ID282,C,2317.5637406063893,397.66280384096405,-1936.984048426149
ID283,C,2292.7633368506913,430.6584949060178,-1851.548779327843
ID284,C,2736.1855668163657,376.6985088882877,-2391.7354795943324
ID285,B,2595.6231304856365,414.4187994680746,5197.476046860289
ID286,B,2564.607370022689,405.00035885045287,5152.643497228344
ID287,C,2303.6727468567524,411.3605294164478,-1905.6203950716765
ID288,B,2478.418075053185,397.52138393395956,4943.116074963303
ID289,A,2852.0565044583354,394.8471773104161,6554.170708232082
ID290,A,2536.9606611906875,404.84643220076623,5593.124305839183
ID291,B,2490.3625232611253,397.19638759568875,4971.585617359755
ID292,B,2140.7745869064884,420.3829697946636,4282.864098323976
ID293,A,2332.9626543761256,373.99784573165203,5145.405208018033
ID294,A,2558.172515009365,403.00084410995294,5633.702727754332
ID295,C,1784.160148587193,399.7837374188072,-1375.7498704107422
ID296,B,2559.0048013498135,384.08795848620264,5117.699178428108
ID297,C,2765.7170608062847,388.24264277574207,-2385.4315146390195
ID298,A,1972.5471963066148,432.5043892767164,3749.430949722609
ID299,B,2642.022507738789,406.88461429083975,5301.770124164891
ID300,A,2431.807489057092,413.914928806113,5227.3692176536515
ID301,B,2256.9873941654637,395.19275052221724,4513.034364117364
ID302,A,2746.315801833089,413.65323947464196,6181.8821069853375
ID303,C,2798.169998704352,431.3119970970806,-2379.5868996434815
ID304,B,2432.0837927641664,395.6329124899414,4886.86932497519
ID305,C,2090.049677110278,385.3160409640092,-1680.3851675080139
ID306,B,2518.586873402887,393.53271496860424,5024.34185602062
ID307,A,2387.9618594856756,364.79810702751433,5338.341126435389
ID308,C,2049.989201109854,382.06467161870523,-1680.42213636638
ID309,C,2246.450690797336,379.88021170225505,-1868.0998056514327
ID310,B,2335.8357371341854,410.74437706175627,4664.125206072183
ID311,C,2719.1147892345975,414.170741475428,-2283.2527182091912
ID312,B,2194.492506494861,422.371755413068,4380.938292798865
ID313,B,2544.904158550262,389.7248128795116,5069.551739009443
ID314,C,2697.217004337576,399.2890269666911,-2296.668807809738
ID315,A,3103.5085891135122,398.7475248880395,7313.431363505539
ID316,A,2152.8700841623854,412.6500169830075,4379.644394765276
ID317,B,2230.8707005929764,407.16752789882275,4457.203513901998
ID318,C,3060.833331324719,387.65248838967904,-2684.133623158492
ID319,A,2433.280838733111,406.5066929622895,5288.951985303569
ID320,A,2608.825349455774,409.1682693813852,5784.219535441329
ID321,C,2257.496640734534,402.3422657709206,-1858.6698014681974
ID322,A,2488.809404937733,390.4177037051138,5515.842437408719
ID323,B,2788.4602427704435,415.3152509650046,5584.514530020229
ID324,A,2979.5078548988618,420.93788451493305,6843.159626126293
ID325,B,2442.6837587830546,401.8410702637182,4880.65639261046
ID326,A,3205.7642760180975,398.5529682817827,7609.976323176105
ID327,C,2395.469492056583,397.08495392330195,-1998.7142390477077
ID328,B,2638.2568255010724,410.97555574564075,5293.862597572851
ID329,B,2421.203772780809,405.107278467996,4853.608981228888
ID330,C,2750.0435432399217,370.54173428844496,-2399.9003613710997
ID331,A,2319.253667442103,411.639317732904,4907.378514672523
ID332,C,2406.939360484255,403.5285433828281,-2020.2540666449868
ID333,C,2534.61066177186,413.2673700732231,-2145.359071498766
ID334,B,2253.796872666391,399.2815916635054,4495.3590834853685
ID335,C,1987.3227195148224,407.29146739334635,-1566.3265373172399
ID336,A,2593.327906937492,419.78698167893407,5704.081980833278
ID337,B,2124.758130321563,417.71587010770077,4262.970823977486
ID338,B,2573.848508305401,409.64356209537596,5147.604480220982
ID339,A,2151.4132166048,388.57212984793097,4512.194233939578
ID340,B,2332.3590566465296,402.8016055518948,4660.372994385147
ID341,A,2138.9282015029926,400.84547297897586,4399.931998250601
ID342,A,2349.9610818161364,396.6616930387432,5083.155346479218
ID343,B,2312.9661959525897,416.4449884930385,4631.814131048281
ID344,A,2109.5440911299443,380.34612550368604,4423.286219296098
ID345,C,2742.8249140343005,380.6896420732101,-2354.935440238674
ID346,A,2655.682274838249,405.09016611060196,5923.889294580087
ID347,A,2753.6663173677584,395.9896567462202,6294.679269166892
ID348,C,2140.319853266953,410.1273548551896,-1714.078094564125
ID349,B,2777.997432194142,413.17205388250085,5561.504860736407
ID350,A,2508.503229164596,414.1112370738327,5463.287044690297
ID351,B,2618.5467244222646,412.7924785226648,5216.9220233296055
ID352,B,1466.0267110323398,390.1856826849697,2925.5447477885796
ID353,B,2474.9564020150833,380.98304280327625,4942.848975813229
ID354,B,2587.845410182881,410.41120379057645,5171.9100251247255
ID355,B,2739.924888065845,415.47483491422076,5445.651905563178
ID356,B,2696.7010910385484,383.04075254620227,5382.605861959172
ID357,A,2400.260994199677,395.1141954912854,5228.319938076033
ID358,A,2582.076780728228,410.7816683673858,5710.7407011963605
ID359,B,2905.2944528343214,389.3719054512006,5808.74997602689
ID360,B,2924.2920725700255,376.35713841393516,5855.506937262176
ID361,B,2809.549559224512,408.47760614070705,5612.691253407127
ID362,B,2540.0900419984246,390.4078987855782,5078.238373958262
ID363,A,2860.436594327927,412.21292007094223,6517.1568062637425
ID364,B,2501.200808643663,395.2369576058517,5013.497616347397
ID365,A,2467.0087990198977,398.2257482064002,5400.790370286176
ID366,A,2606.214094468877,387.31873843111276,5874.1507711947925
ID367,C,2680.7541848920227,408.87873393677836,-2265.969548336109
ID368,B,1930.6162890364644,380.72601994964504,3855.1028391627356
ID369,A,2320.9385838598646,411.05164449503945,4917.800234267288
ID370,A,2541.7283278065183,390.2483555977541,5677.508328343948
ID371,A,2653.3006932501435,398.535603091281,5972.566447153531
ID372,A,2255.564068955979,394.34092856311014,4795.828842473238
ID373,A,3145.74718972268,413.0678545979942,7360.931721785015
ID374,B,2424.005309101603,416.3869158237086,4854.463149702549
ID375,A,3180.0727669459357,382.87880846648216,7635.256311676613
ID376,A,2363.970350158501,427.0527070371776,4961.007548292158
ID377,A,2400.309577396484,397.3065928608154,5206.612707584613
ID378,B,2264.586726779879,419.22685696405273,4527.833223287974
ID379,C,2557.4496494631153,398.8840489553834,-2159.3715748817135
ID380,A,1867.8340199077252,391.3698790412984,3622.449178338774
ID381,A,3174.106960550426,405.1857262199049,7483.177596310302
ID382,A,2640.8670352351674,393.27676124634326,5977.548684455022
ID383,B,2237.674584178687,440.5237199574218,4489.554855805885
ID384,B,2980.8203900529606,419.74945256105184,5964.1109001648965
ID385,A,2601.7315574910895,392.02609819914784,5847.711475693441
ID386,A,2725.3957504311393,390.1258965436357,6218.110807917306
ID387,B,2105.4717300681473,402.40135941586533,4205.728522817955
ID388,C,2944.934446395134,423.47852636989415,-2534.2980262053466
ID389,C,2708.4057724006193,400.45993096553184,-2309.166417084862
ID390,B,2910.764664181447,391.7009339834516,5825.632398070219
ID391,C,2445.2939962981504,398.3948724806465,-2054.409450043702
ID392,B,2127.3117133463566,415.86369119694444,4256.385116010258
ID393,B,2949.7922451286736,385.7717879171086,5898.759096543415
ID394,B,3012.0734580666685,407.053449721817,6021.622103711909
ID395,A,2384.393604887714,403.88922938057067,5117.879590121707
ID396,B,2420.3981063317756,404.343158260428,4849.464717230243
ID397,A,2375.1670599438694,379.571303510674,5198.746269196101
ID398,A,2562.6378758891815,403.3452452037205,5685.593386311316
ID399,A,2283.382145612223,409.39915190564653,4798.711935400934
ID400,C,2467.013922845673,397.7382879873006,-2060.92467088608
ID401,A,2328.696670674411,398.33101731066057,4998.276242553097
ID402,A,2340.0924255483746,425.2251259804834,4896.219076387214
ID403,C,2727.920072163043,393.8277163469061,-2332.040417758164
ID404,A,2277.885459483697,383.41964244580095,4894.8299362157595
ID405,A,2412.0877239402844,422.7446425025684,5130.898271789447
ID406,B,2258.7141229586996,404.056497524653,4524.257829979006
ID407,A,2154.7983371134715,418.0564547281858,4347.841238865808
ID408,C,2565.0191472303163,414.8109576767604,-2151.6806964545017
ID409,B,2718.1407062432645,397.4787051351201,5441.5469670547045
ID410,C,2522.1484665620837,423.02048965316686,-2127.096169788854
ID411,B,2277.9181375519356,400.2350353413179,4563.648878008309
ID412,C,2902.817650552946,385.60826978632457,-2531.5256046457685
ID413,A,2732.6945073648394,408.0690358518859,6170.690805437534
ID414,A,2830.43428332625,430.1753397395397,6351.8974353938165
ID415,B,2790.550475724604,414.7193420290075,5591.0195634874135
ID416,C,2089.3334164107205,392.1661361788598,-1702.1465141312253
ID417,C,2413.534675392215,401.99198347933606,-2019.3540953548224
ID418,B,3211.8028795069595,395.4322743103492,6426.118533658289
ID419,C,2364.0254407970374,407.0402568713893,-1960.6199038483408
ID420,C,2321.3511487003916,408.3392473324542,-1912.9325712508808
ID421,A,2391.0754280440565,373.9711133937234,5299.384176910733
ID422,B,2383.8557871436315,375.52606616698125,4786.007359454081
ID423,A,2300.682704483837,400.9228346982774,4884.650819802475
ID424,C,2469.609989495266,402.89558311565116,-2047.2203520453716
ID425,B,2894.6131631695735,390.14494782733243,5804.019115706635
ID426,B,2747.9267045080983,411.4542214550769,5501.8862862015485
ID427,A,2371.809892745925,409.9549599974486,5084.558266020451
ID428,C,2115.793450457725,390.00872631127316,-1714.863268108461
ID429,C,2030.847796428572,405.05116830577697,-1622.800513605149
ID430,A,2973.672618778594,380.88047970920235,7010.6118112603535
ID431,C,2373.3842417652886,382.4004401532753,-1978.5811915403494
ID432,B,2315.3598715587004,393.76135024115257,4642.66356567201
ID433,B,2289.293279662079,395.2845758595227,4587.475182769206
ID434,C,3139.8945134906044,393.84398842693247,-2755.823482300579
ID435,B,2711.2928490939316,401.4194508064692,5423.217600403432
ID436,C,2673.2360948562614,387.14544251771235,-2299.4053276154345
ID437,A,2580.953451408197,409.7617626809153,5692.48741500337
ID438,A,2548.184321943745,411.1474221865953,5602.632553700477
ID439,C,2705.756334706161,396.9324552046799,-2289.219984083622
ID440,A,3046.700436197353,408.3714895036016,7091.931130389804
ID441,C,2440.330558429904,408.8487345626773,-2031.6281564740113
ID442,C,2614.966153978763,392.5179761970332,-2219.4929064394855
ID443,A,2615.114341014578,399.95458396606836,5853.381078020977
ID444,A,2465.860680446575,400.7621645568031,5398.502204184738
ID445,B,2703.8085750432433,408.6144124142086,5392.272277194835
ID446,B,2947.200514642317,390.91154026189656,5898.948850487033
ID447,A,2208.7349494211585,408.6112603779519,4581.460039234655
ID448,B,2266.208309574733,398.85385578782655,4541.675047895183
ID449,B,2492.9399150407344,372.81893037937044,4968.078350930588
ID450,C,2481.761556682209,381.88096752288794,-2101.5730845352527
ID451,A,2914.0009324046027,402.8535542646315,6730.991535588774
ID452,A,2935.4958638702237,416.41543479575216,6737.400998247475
ID453,C,3073.734369683917,396.31993032495933,-2668.944176646196
ID454,C,2280.986509346323,405.75101903505015,-1876.4277294729013
ID455,C,2604.1101053278408,392.0119442599624,-2226.0401082780095
ID456,B,2400.0702516086067,413.39687450199574,4822.177179742575
ID457,C,2563.2698810698294,412.7841108515951,-2156.142861588111
ID458,C,2475.573348171278,415.1753718577779,-2068.311543006842
ID459,A,2616.185612962997,389.74835077399126,5912.691270190085
ID460,A,2659.266557887655,416.7463279784273,5871.135290778559
ID461,A,2459.340236105957,405.603077876677,5351.288358175634
ID462,A,3123.3161765375303,407.28087904836565,7310.078612221527
ID463,C,3171.835885951053,405.9045031114911,-2766.6551945996475
ID464,A,2716.593748947091,430.69204125295454,6004.195245574052
ID465,C,2204.69962813228,422.7802712829185,-1767.4974258162463
ID466,A,2622.5566494565624,407.59728995992685,5823.3012110344025
ID467,C,2458.9070780117436,392.62628701910063,-2072.1770801389466
ID468,B,2685.4599913735005,399.37399324902566,5367.638669759595
ID469,A,2568.6407378917547,403.9858846267157,5688.514861428578
ID470,C,2436.932747132122,407.46000499374145,-2032.3763934972278
ID471,C,2536.723800151068,412.7907395913605,-2108.299562401023
ID472,B,2750.2695404777523,422.7206463408374,5518.874246710074
ID473,B,1896.9378443388055,404.45255963346636,3804.997973312126
ID474,C,2494.492334863337,370.4819548766031,-2101.5870996338076
ID475,B,2787.181975369216,383.7257635375851,5578.909375465209
ID476,C,2663.7561914089542,404.5607701940211,-2269.0843031813693
ID477,A,2614.937469399164,371.84814404280485,5967.943158498804
ID478,A,2372.3267822230687,418.7861210490241,5021.10215331655
ID479,B,2952.180208943895,391.6200959898227,5912.919849703885
ID480,B,2307.6505733884687,411.7544811392589,4595.867244067168
ID481,A,2442.082896343711,409.05555431056314,5263.577203854181
ID482,A,2768.0376699700446,386.31261826176456,6392.641969289455
ID483,A,2409.1816991996106,399.47444790269515,5235.199154949793
ID484,B,2165.758401333115,395.5422764215114,4322.7322947533185
ID485,B,2868.1498744967557,408.3304755519722,5758.006087497439
ID486,B,2172.117758329207,414.8218351204239,4336.440826673995
ID487,A,2391.204508783012,411.1146085628035,5107.827030659007
ID488,B,2593.7257025776744,372.2427334013888,5187.560005117156
ID489,A,2608.9482560175343,409.87198428062027,5778.745239862282
ID490,B,2283.7861071958455,351.4294333480026,4580.535959480713
ID491,A,2704.99194575913,398.4561551390597,6121.612533771756
ID492,C,2459.432754604651,412.81681178294286,-2033.621707246478
ID493,B,1929.3093607164928,401.80164179703837,3841.839715932331
ID494,B,2400.7228676494005,406.41565146695126,4817.998181627176
ID495,C,2185.5071288043587,364.5503615590806,-1814.446568778582
ID496,A,2404.7376987106068,374.091439897046,5345.975865779049
ID497,C,2524.177976591322,406.5029962897238,-2122.840564446865
ID498,B,2152.221239065209,402.6198836252949,4310.644064839069
ID499,C,2268.4383246978377,383.11084231738823,-1887.0803232269097
ID500,A,1938.9437445085737,411.3422071074212,3764.711477614364
ID501,A,2389.972657355186,390.8205201729745,5226.796047461614
ID502,B,2391.5591908122515,402.4717268026181,4785.020856419254
ID503,A,2686.495815873135,372.6829175940336,6212.8453421093045
ID504,A,2839.7549195066326,390.8226302614678,6571.398144670163
ID505,A,2705.2935191344204,390.3994451860243,6169.753750653761
ID506,C,2099.289910461978,391.9379568845772,-1711.3208592433064
ID507,A,2169.930304911907,407.6818205758623,4485.164357377488
ID508,C,2167.085262366413,410.3989188879408,-1763.6784227416777
ID509,A,2618.3493496080605,419.862570734377,5754.903826509172
ID510,C,2981.404086456614,392.85041795281717,-2613.2644200842074
ID511,B,2692.9452012989855,420.2573072284692,5384.9053123966505
ID512,B,2930.378181228265,385.1465518258124,5850.604185573507
ID513,A,2603.1867092094994,390.8600285284283,5835.462924005694
ID514,C,2811.5610925119945,406.09867436116514,-2423.5510256887865
ID515,B,2840.1935425045026,410.9507691793911,5703.547032875516
ID516,B,2824.760899346879,428.2051029811486,5633.394360059714
ID517,C,2260.5852175989617,385.5705057397107,-1880.1946874896273
ID518,B,2699.3900064368217,387.6178189366079,5402.062168926255
ID519,B,2565.361883134423,421.68446714100935,5139.776873847145
ID520,B,3336.9983465334535,384.60665926888146,6655.176015649981
ID521,A,2907.223161368334,387.7887748270359,6776.087631948085
ID522,C,2828.8247928239,428.74318914583284,-2386.2601890100045
ID523,C,1936.9969622124036,376.0555530340531,-1548.497097878346
ID524,A,2026.4650570046092,399.42229885427355,4080.3390117830622
ID525,B,2761.665214724428,398.7511110936504,5515.361255663926
ID526,C,2166.247546147364,391.9303467264539,-1751.8677535552688
ID527,A,2747.1561859103554,379.7528211187896,6351.012016113574
ID528,B,2732.2761570592047,417.3648306839887,5457.861590935395
ID529,A,2891.7921546584394,397.120478203206,6677.343127603733
ID530,A,2234.1731914706215,391.19566867928035,4734.1483772225965
ID531,A,2145.3308908100603,390.74889819378024,4471.597310084316
ID532,A,2559.4164570387925,409.9869141046334,5631.693370351057
ID533,B,2551.7859802692556,413.7651557030366,5115.556507548432
ID534,A,2847.790101461966,394.0488374597997,6563.8716542340435
ID535,A,2611.2109273522556,379.4730142622649,5941.252642974482
ID536,A,3055.1348821222064,401.1068228144348,7170.56280766425
ID537,A,2464.55316567602,432.1102702315913,5239.855394554598
ID538,C,2581.6742807853375,398.6529476416067,-2182.2670052903513
ID539,C,2523.990932103991,389.02676129051304,-2144.385691605262
ID540,C,2543.033624168591,398.90120179313317,-2146.261483433214
ID541,C,2297.0017369077104,412.99636079486925,-1880.008651611682
ID542,C,2817.097142885821,413.81633575310667,-2414.3198562688767
ID543,C,2339.0713487383623,403.911615858437,-1923.6219594613444
ID544,B,2196.932272623615,406.46791246100634,4384.876625780063
ID545,B,2291.342013249376,393.8252170337826,4584.99090383263
ID546,A,2182.1807176344732,408.27608984466633,4515.565636701053
ID547,B,1643.081110337799,381.44033096263377,3288.681169303913
ID548,A,2377.86357286406,386.38895152419656,5199.702723022221
ID549,C,2469.857886525915,410.3071898631073,-2072.1632427838986
ID550,B,2431.608978094725,403.9190903492877,4870.331569645358
ID551,C,2213.709230057063,395.2416121799232,-1819.2400086993023
ID552,A,2463.3860597617604,379.6448875648787,5503.484370060541
ID553,C,2409.1956502472517,362.0557642694096,-2029.809110641926
ID554,B,2137.7281637782767,404.8565857988244,4283.297081026235
ID555,C,2356.6109059007676,377.3749012819817,-2005.6971444401008
ID556,C,2238.1330582837472,416.7409872274503,-1812.4674155723005
ID557,A,2242.0478706955373,386.58914812851094,4786.139649862992
ID558,B,2139.4600009084406,411.58470902811916,4299.086216056169
ID559,C,2884.0702118970275,417.966439287141,-2481.330962197211
ID560,A,2838.118396058957,368.17674081911457,6670.461196794153
ID561,B,2523.536071013359,402.52670489718713,5049.790945969109
ID562,A,2414.83965893525,414.2855976593738,5171.036392920886
ID563,A,2141.393820486435,390.13585235597935,4465.854891170518
ID564,B,1990.6548586951826,394.6768976956143,4000.4951300612
ID565,B,2907.7493466038823,375.1736765593439,5826.718025280552
ID566,A,2469.5224716342614,425.32756398524543,5277.557906882008
ID567,C,2659.51276257418,407.6101281180757,-2256.0451897566454
ID568,C,2418.809638963554,381.41046115881784,-2017.6063008586214
ID569,C,2022.4378785178874,413.51579774326115,-1593.9027687132264
ID570,C,2272.856622224846,403.4573879492712,-1888.6320852171739
ID571,B,2314.7992308668477,393.80902549873764,4644.331627771063
ID572,B,3026.304728783935,404.2707657512697,6028.460998582759
ID573,A,2215.8969539600507,401.6764491385743,4636.621941156581
ID574,B,2596.342620065916,407.31127479086086,5183.31409965018
ID575,B,2461.597639184326,396.72034336405136,4906.852073672168
ID576,B,2802.7373307386297,401.7798438582268,5616.1142669149385
ID577,A,2830.9114573756756,395.30718799437926,6522.369958271437
ID578,B,2740.721282263348,393.5007541360392,5495.245883221164
ID579,C,2482.0119760003204,422.4517053459919,-2067.7099562084327
ID580,A,2462.1582004152515,396.4075183315429,5410.041744324043
ID581,B,2385.9348372635927,401.10500717068663,4766.576176522134
ID582,C,2664.4100145531625,413.19464508135314,-2241.5559917532796
ID583,C,2856.0616396844634,395.71274834877954,-2460.8098148041813
ID584,A,2945.9838317760655,420.42557021617864,6732.679312348064
ID585,C,2188.8578026455025,401.26395487321264,-1802.4736342038052
ID586,C,2430.8066958487307,389.70555593625915,-2045.8592931497078
ID587,B,2349.2023217641245,394.8546301340219,4685.622605200532
ID588,A,2051.759526301332,387.423415650243,4243.926967661314
ID589,A,3047.4556180033105,403.01439421882594,7134.572051052104
ID590,C,2201.593901474051,386.5714077364204,-1806.2183681787549
ID591,C,2635.92464781564,431.2273948445402,-2202.2344506376253
ID592,C,2091.114468319051,414.142947368059,-1683.4412557769278
ID593,B,2476.503385050473,395.36223903105514,4935.486601066955
ID594,C,2183.6179524447534,393.7764546108288,-1769.4480581800497
ID595,C,2500.2400339830306,396.0347622199604,-2081.105177845902
ID596,B,2541.252549170907,386.4899779266302,5077.3962187296
ID597,C,2666.5875335051574,393.5620517332773,-2276.5538217087055
ID598,A,2493.920014263396,392.99362532179833,5527.147255100375
ID599,B,2716.345411847555,416.8417973990688,5453.831952698021
ID600,A,2010.8528404956921,394.99949555076387,4052.8500485338072
ID601,C,2285.4470606834084,403.3530195651654,-1889.6157512981626
ID602,C,2187.121010700296,388.0786894990556,-1823.2340771779382
ID603,C,2924.897301813713,401.86896199496204,-2539.8733813347603
ID604,B,2271.3883892352865,401.23887412627414,4542.444777762704
ID605,A,2137.1700345422387,400.59446438111604,4398.115173872294
ID606,B,2319.146303638591,389.53956934833826,4619.434284108911
ID607,B,2252.906473241521,410.120005053498,4507.5190919798215
ID608,A,2582.3843506808203,407.2024093007361,5734.513797834418
ID609,A,2594.1787553610197,377.3455503378648,5894.282901387072
ID610,B,2156.844259759998,412.3827130229199,4312.652468105512
ID611,B,3124.0579933342087,417.2468402282548,6258.911610313344
ID612,B,1968.3439532677453,429.8372963933334,3940.2345099584936
ID613,C,2138.5002331253168,386.8858495813869,-1759.3957405067285
ID614,A,2465.1992044040117,410.73049623127565,5347.164668532641
ID615,B,2501.6502132794503,418.9867541535462,5014.423396972675
ID616,B,2537.9649482183,412.1315712562868,5047.338368757456
ID617,B,2921.2318146104762,393.36019624364076,5838.6429216373035
ID618,C,2094.593407547559,419.38328486793756,-1674.4503861119506
ID619,C,2623.533026875594,415.46313185908195,-2190.297837970246
ID620,C,1622.7016214952796,395.58702930679465,-1229.0313664414973
ID621,B,2954.080229671721,405.9755227582335,5938.565168115996
ID622,C,2421.1143343081394,405.81447839277666,-2014.0251728716164
ID623,B,2221.653210038379,392.1456635491471,4443.688207116481
ID624,B,2679.879014187396,398.3338923212434,5350.904805261325
ID625,C,2474.857684610037,382.5118091119459,-2094.4964639047494
ID626,A,2190.8340815535566,381.9499564206735,4672.304433537067
ID627,C,2891.7935310913167,411.89169646173184,-2486.4551795884104
ID628,C,3154.3006824725426,372.54872720755014,-2793.1863811146304
ID629,C,2264.2029873912975,379.4352226825349,-1892.2939383217051
ID630,B,2909.8437195219353,384.6140842339864,5818.360923454148
ID631,C,2254.436925818838,409.832965118217,-1826.6890583125978
ID632,C,2508.325072729586,418.287707087375,-2062.8355324113913
ID633,C,2425.1547583393185,427.80033165539936,-1987.754303751327
ID634,A,2396.542486581487,429.93981388371685,5051.117944757735
ID635,C,3062.965584853816,387.8209282101824,-2693.2841316841227
ID636,B,2499.958486485471,393.55975973776526,5000.209883911228
ID637,C,2552.668971893624,420.81459099310473,-2118.726484694097
ID638,C,2561.9246057468067,372.1010418309371,-2196.6205466810366
ID639,B,2484.123991994607,389.13896332665547,4964.834200901839
ID640,C,2168.3624905834995,415.71220506587866,-1746.0770880767589
ID641,B,2679.915682012493,406.34443846442997,5369.371625900727
ID642,C,2155.6950997528634,392.1332218602503,-1770.646684092142
ID643,C,2445.1917010754087,395.4642462299015,-2025.7490084617805
ID644,A,3002.177213011435,358.6645685640675,7205.374006556065
ID645,C,2837.756917124593,386.0402184371229,-2455.9638806533567
ID646,A,2414.880038351716,427.15853802560224,5097.279574912379
ID647,B,1765.6844311946697,388.5538952077906,3518.0434045825345
ID648,C,2833.0196015923275,331.71385152511766,-2509.0848235283593
ID649,A,2344.4220708057446,409.5793839002986,4978.336139632188
ID650,C,3266.219970596276,418.0604277745754,-2844.3067238733233
ID651,C,2081.7067271998,412.2519233075094,-1674.069077221258
ID652,C,2926.9329414235376,409.705801601407,-2506.359934903954
ID653,B,2917.722014310761,404.9564349504954,5824.6134640218015
ID654,A,2503.4900581587644,410.6640812255173,5446.631935821895
ID655,B,3121.7221044408084,400.0915506448365,6226.14068399734
ID656,C,2705.081468054914,406.79850276126297,-2302.891726900167
ID657,B,2237.977933351917,411.15381967067617,4478.596609595068
ID658,C,2807.197237618819,425.69834461623896,-2373.773686595622
ID659,B,2341.5550683429633,407.7038071550987,4683.982790039857
ID660,A,1962.7751698438801,401.78476902274184,3886.683519662653
ID661,A,2080.3089431949425,396.58155328841997,4273.743718765845
ID662,C,2670.4208125020587,410.4838104035727,-2265.54173850675
ID663,C,2316.8268938247666,393.7128765053962,-1924.547717488304
ID664,B,2597.753459083034,388.425867948186,5192.526046162242
ID665,C,2454.602448639653,417.28765604084896,-2033.420089592371
ID666,A,2336.121495887546,392.32403584002543,5044.729788324138
ID667,A,2291.4187097641084,397.89421805581634,4886.433096881735
ID668,B,2582.281341238258,406.0783127906563,5169.219367518164
ID669,C,2789.7800979508575,392.71789817780825,-2386.5872101329087
ID670,A,2261.833898967463,385.95322711595816,4853.94706724042
ID671,A,2229.736197987879,388.8797935364478,4728.7953457957665
ID672,A,2523.2655496571883,387.61236438758635,5629.982028805719
ID673,B,2425.6884405411565,408.3171776583084,4853.672159106374
ID674,A,2767.3958255143652,371.9453470648622,6454.418422836173
ID675,A,2755.713133335882,405.8648301183834,6241.923398850825
ID676,B,2521.1022802222274,414.0188025951307,5038.2841097649125
ID677,A,2522.901618135188,413.7330090592202,5497.993960518452
ID678,C,2650.140112913342,406.5884102588195,-2240.919888980675
ID679,A,2758.5349092779643,416.2652091721554,6186.93987991341
ID680,A,2198.406600272516,412.1033123260423,4543.174272194081
ID681,C,2993.9552093629545,415.72787142391866,-2588.220318316037
ID682,A,2471.187690917223,402.9637271755405,5388.322951828488
ID683,C,2470.0396771103296,389.49189114946,-2088.9217810665277
ID684,C,2029.0870306282363,410.97960250885876,-1603.900877556498
ID685,A,2415.1828526736044,411.9678414237854,5173.059980229703
ID686,A,2537.0939899832115,385.56449493362186,5695.970100476556
ID687,B,2682.500616800169,401.1938410055066,5374.661887745648
ID688,C,2128.8179182134763,415.4269060018696,-1720.7100672068664
ID689,C,2564.148139331858,403.2966437803247,-2155.3012647262385
ID690,B,2235.4147420508334,400.9707458883341,4471.906115819755
ID691,B,2685.3082567136103,392.55111896693404,5379.509195313602
ID692,B,2868.4165633014018,392.8865841168075,5736.799623157797
ID693,B,2834.564466708841,408.5411763160016,5676.041089383186
ID694,C,2656.177885551139,401.68642948818575,-2252.389942839596
ID695,B,2876.169385842177,399.214279783419,5771.132134423689
ID696,A,1933.4697218894487,401.96960854376283,3795.358458695221
ID697,B,2716.714327448885,410.08466989911386,5438.967007439008
ID698,C,2266.019865079363,364.29360965177455,-1880.513091879934
ID699,B,2842.5708726961975,369.6352798882946,5677.07499593641
ID700,A,2946.522640186717,405.5630619683712,6811.618349983456
ID701,C,2530.098042746451,400.9657052251399,-2137.5059426529983
ID702,B,2867.188843495728,391.10498847742923,5730.4160056576075
ID703,C,2319.343013373915,423.5566484550677,-1905.4833265967077
ID704,A,2645.576205851398,384.4605110623834,5997.408597760727
ID705,A,2445.56714237927,400.47759609878597,5315.646342528154
ID706,A,2873.0726166746053,400.6423942804691,6634.38738708565
ID707,C,2103.2251488900656,390.912075435962,-1726.7924128256223
ID708,B,2299.207265609161,394.18642845010396,4583.816542604548
ID709,B,2357.4164427690325,401.983885212472,4695.649440802432
ID710,A,2295.2005610853003,387.30601482396474,4961.547949766446
ID711,B,2693.4366086167515,382.62396402236016,5389.481734261814
ID712,A,2289.2606339457748,400.8775505957571,4879.533904602304
ID713,C,2660.012687938554,387.2645780667207,-2288.4814836468186
ID714,B,2854.837451342066,373.1479121792633,5688.172904920229
ID715,A,2789.6074410841443,403.0446194226453,6366.592501858409
ID716,B,1822.3237194064127,393.86691301108414,3637.550165787352
ID717,B,2479.7951572473457,395.99913700310043,4971.480607936584
ID718,A,2339.1463002259165,390.12251695464647,5035.3055290194425
ID719,A,2317.043583589373,403.8088488585313,4936.691436419604
ID720,C,2311.4894346307638,411.9506349628069,-1892.8482880570518
ID721,B,1848.0913041687718,414.93973663962396,3707.7260310656334
ID722,A,2591.5317918677933,427.153766873654,5633.316881983178
ID723,A,2328.0752992121843,431.4705060757474,4815.397978580119
ID724,A,3072.928692090477,410.022966586821,7173.804100144024
ID725,C,2276.6709069001095,421.15366370619506,-1863.760184764029
ID726,B,2969.4795433659897,428.79478138784634,5945.5680222820565
ID727,B,2452.7819838178457,418.5825476762712,4914.164805653416
ID728,B,2326.7067478270965,385.91799346879685,4631.836888945235
ID729,A,2939.2910123363677,367.90378208499015,6971.814540796168
ID730,A,2513.6622371498793,418.87969885372877,5461.945462373285
ID731,C,2187.4564230717215,367.85305264315423,-1831.9548804790086
ID732,B,2357.2492825934096,405.1622472392053,4706.120385320502
ID733,B,2166.593996159296,399.41719465916646,4336.038572075169
ID734,C,2438.3351154791,376.6419091444923,-2042.289635852839
ID735,C,2459.390052211341,390.78155357825,-2073.517865256101
ID736,B,2481.922510904858,391.33551217935906,4966.576025449
ID737,B,2310.269668910749,412.7932515957248,4626.350836294023
ID738,B,2718.9865974256318,373.91966297698673,5433.775237781633
ID739,A,2582.8489572389526,418.52659064017996,5642.26707112762
ID740,C,2321.741184451062,396.628272496097,-1926.2807125647105
ID741,A,2480.4302474308033,381.716671597518,5549.197558168392
ID742,B,2591.741916154885,411.1425809253986,5171.397331364033
ID743,A,2175.393578595925,412.2010112913446,4454.5957156670065
ID744,B,2413.0201084016403,417.23064712203944,4820.752253119495
ID745,C,2574.3283423950243,392.95094780835603,-2188.1248793618647
ID746,A,1987.0045042953104,385.08618037727837,4058.1806460426715
ID747,B,2620.197141808609,419.61064426751653,5245.144653192063
ID748,A,2361.0285266437004,421.32612544896523,4975.597980806848
ID749,A,2668.3694648022065,411.94217333614563,5941.213469583428
ID750,A,2509.3920969288015,427.7656638693595,5391.120430057202
ID751,C,2525.0347111933943,407.06330752794867,-2122.618850141205
ID752,B,2556.6012335288283,388.67155207071323,5108.048657207716
ID753,C,2545.8786861894127,387.9386525071094,-2153.2433755814864
ID754,C,2721.7961934208747,398.9341936770815,-2346.0480309918707
ID755,A,2431.9318187469144,418.55847527306315,5213.4577592151245
ID756,C,2643.781170446935,396.3497386836017,-2271.212372312248
ID757,C,2855.0440512269106,402.3677254260518,-2470.3152546525907
ID758,A,2748.397059891284,430.7611654539705,6103.349237557933
ID759,B,2974.5443532462054,396.38511554181895,5951.869964265552
ID760,B,2846.833915850383,419.6591837616007,5695.413932508916
ID761,B,3159.755926491571,398.3565400562166,6312.673026125198
ID762,B,3074.3243765912025,438.0094108155143,6138.305086227481
ID763,C,2674.5967501555665,396.2205933433477,-2272.109245604421
ID764,A,2407.7367226732194,413.13062384385194,5153.780136251758
ID765,B,2319.057123465509,395.11532884340124,4624.32677330239
ID766,B,2612.178591361372,414.83662986327664,5255.810304977138
ID767,B,2146.1848531424425,417.7322535219132,4304.654556018955
ID768,C,2813.9244504233993,363.4277231852084,-2463.6848601162574
ID769,A,2689.5932023954,397.74141815470966,6084.522683226679
ID770,B,2769.572474972355,398.0998330356792,5537.268126653587
ID771,C,2211.4594874339396,412.5108053359678,-1784.1447761628172
ID772,B,2342.854776995767,396.97123173404475,4690.9932907473685
ID773,B,2628.3625202181356,404.12509879848204,5256.9922882901765
ID774,B,2884.4405633718266,400.54223015437464,5790.158754861883
ID775,C,2693.0879092935597,385.91332658238565,-2316.979348858714
ID776,A,2841.558606303784,377.82210570963184,6637.321061098913
ID777,A,3199.882114100957,417.7344610149603,7491.388951714158
ID778,A,2719.788889734196,412.1956655021749,6077.83812498709
ID779,B,2858.086580637587,400.3283581258459,5720.653004248207
ID780,A,2576.444811085222,403.86674499398003,5730.265194773053
ID781,B,2137.6597781886176,388.1230989030351,4265.898114172694
ID782,B,2343.718665898802,377.2077015896977,4688.09193802062
ID783,B,1920.941049294126,363.6152174535949,3832.9452528464253
ID784,C,2181.3827669513767,396.64028058891984,-1794.1915817917697
ID785,B,2536.600095214423,412.1904625665036,5061.014208329602
ID786,A,2273.7417370359935,389.9993043423973,4877.273997954934
ID787,B,2402.032929864835,392.66085429546024,4794.710706964738
ID788,C,2388.9900869446205,372.9953991998583,-2046.4988350406118
ID789,B,2878.6488849807574,385.48495112563427,5772.949353799153
ID790,A,2546.595794504279,430.8073413885487,5472.087615970972
ID791,C,2515.245741507449,398.6505731102711,-2119.4387238247223
ID792,B,3165.4883529896924,381.58202808532,6341.238256078192
ID793,B,2367.2101970185868,404.1638989964786,4717.933474510072
ID794,B,3341.2177075281634,396.02390926210654,6675.895067043604
ID795,B,3065.6080926561713,388.95530836946784,6119.667347941956
ID796,B,2392.0532562287044,401.8999019222263,4775.533853532666
ID797,A,2612.457458183907,398.0066411045631,5842.662247972447
ID798,C,2237.446963457776,413.04751613760124,-1818.6477094307957
ID799,C,2906.0023730829353,424.69749076682456,-2474.9411118292687
